[
  {
    "category": "фрукты",
    "name": "яблоко",
    "image": "products_images/apple.png",
    "short_desc": "красное",
    "description": "заморское",
    "price": "45",
    "quantity": "10"
  },
  {
    "category": "фрукты",
    "name": "апельсин",
    "image": "products_images/orange.png",
    "short_desc": "зеленый",
    "description": "отечественный",
    "price": "50",
    "quantity": "10"
  },
  {
    "category": "фрукты",
    "name": "ананас",
    "image": "products_images/ananas.png",
    "short_desc": "желтый",
    "description": "из другого мира",
    "price": "70",
    "quantity": "11"
  }
]